,0,1,2,accuracy,macro avg,weighted avg
precision,0.0,0.0,0.0,0.0,0.0,0.0
recall,0.0,0.0,0.0,0.0,0.0,0.0
f1-score,0.0,0.0,0.0,0.0,0.0,0.0
support,4.0,0.0,46.0,0.0,50.0,50.0
specificity,0.07999999999999996,1.0,0.92,0.0,0.6666666666666666,0.6447287264420332
