,0,1,2,accuracy,macro avg,weighted avg
precision,0.0,0.0,0.0,0.0,0.0,0.0
recall,0.0,0.0,0.0,0.0,0.0,0.0
f1-score,0.0,0.0,0.0,0.0,0.0,0.0
support,0.0,11.0,14.0,0.0,25.0,25.0
specificity,1.0,0.43999999999999995,0.56,0.0,0.6666666666666666,0.6919246145059965
